{"epoch": 762, "nl": [1, 2, 2, 2, 2, 4, 2, 6, 1, 8, 2, 4, 2, 10, 3, 2, 4, 4, 1, 5, 4, 8, 2, 7, 1, 2, 1, 3, 2, 1, 2], "sl": [-72.0, -64.0, -56.0, -52.0, -48.0, -40.0, -36.0, -32.0, -28.0, -24.0, -20.0, -16.0, -12.0, -8.0, -4.0, -0.0, 4.0, 8.0, 12.0, 16.0, 20.0, 24.0, 28.0, 32.0, 36.0, 40.0, 44.0, 48.0, 52.0, 56.0, 64.0], "mutation_rate": 0.2556841951219512, "gen_size": 83, "input_eg": [[[0.08496734499931335, 0.01501884963363409, 0.5632073879241943, 0.7386181354522705, -0.9274469017982483, 0.26370084285736084, -0.7736390829086304, -0.49390465021133423, -1.162706732749939, -0.11961379647254944, 1.0299122333526611, 1.0437566041946411, 0.9860374927520752, -1.5392590761184692], [-1.340410590171814, -0.5075291395187378, -1.0621132850646973, 0.6621719002723694, -0.0561167411506176, -0.8035562634468079, 1.4801275730133057, -0.4318327009677887, -0.7611769437789917, 1.551436424255371, 0.2092551440000534, -0.030720828101038933, 0.5843623876571655, 0.3718402683734894], [-0.9390008449554443, 0.4458713233470917, 1.5265874862670898, -0.7705366015434265, -0.09217292070388794, -0.5263250470161438, 0.6466839909553528, 0.019394787028431892, -1.2818477153778076, 0.18796893954277039, -0.0488056056201458, 0.49810177087783813, -1.213810920715332, 0.500027596950531], [2.3019957542419434, -0.3516455292701721, -0.7132818698883057, -0.9103360176086426, 0.2106321007013321, -1.673514723777771, -0.6631563305854797, -2.578683614730835, 0.6819943189620972, -2.129016637802124, -1.4295194149017334, -0.9675130844116211, 0.6791912317276001, 0.3392317593097687], [-2.1089093685150146, -0.009741873480379581, -0.720223605632782, 0.34594082832336426, -0.2519870400428772, 0.9670384526252747, 0.4970880448818207, 1.4172768592834473, 0.3540751039981842, -0.6955507397651672, -0.8206576704978943, 0.024852029979228973, 1.3992558717727661, -0.25677570700645447], [0.5726690888404846, 0.3856090307235718, 0.9216873645782471, -0.2024446725845337, 1.9461352825164795, -1.1720002889633179, -0.6416306495666504, -1.0637292861938477, 0.8151700496673584, 1.4550734758377075, 0.18474681675434113, -0.5324875712394714, 1.683280348777771, -0.9651703238487244], [-0.9527071118354797, -1.2140549421310425, -1.3701999187469482, -0.09700161963701248, -0.4460391104221344, -1.7988368272781372, -0.025886425748467445, 0.4241102635860443, -1.0078058242797852, -1.0477780103683472, 0.6197426915168762, 0.9914007186889648, 1.0379270315170288, -0.19349777698516846], [-0.1380687952041626, 0.8302093148231506, 1.6682844161987305, -1.1484180688858032, 0.5382917523384094, -0.16578850150108337, 0.68148273229599, -0.12222594022750854, -0.549187421798706, 0.3954305052757263, 0.8989399075508118, 1.1708979606628418, -0.9303663969039917, -0.6931250095367432], [0.6264589428901672, -1.0116630792617798, -0.306749165058136, 0.7207792401313782, 0.8872889280319214, -1.7202736139297485, 0.06794630736112595, 0.7414964437484741, 2.179926633834839, 0.9916442036628723, 0.9932608008384705, -0.5944858193397522, -0.48157382011413574, 1.2463266849517822], [-0.575391411781311, -0.54801344871521, -0.48935019969940186, 0.09121626615524292, 0.048817768692970276, 0.3200475871562958, -0.9428156614303589, 0.33831605315208435, 1.5053141117095947, 1.2495965957641602, -0.8110543489456177, 0.9522164463996887, 0.5857470631599426, 0.4750297963619232], [0.2236657589673996, -0.7205196619033813, 0.8280944228172302, -1.6351308822631836, 0.27178674936294556, 0.4549110531806946, -0.6519938111305237, 1.1005581617355347, -0.5835021138191223, 2.176306962966919, 0.6544854044914246, 1.3276914358139038, 1.3424558639526367, -0.46644124388694763], [1.8864191770553589, 0.3375999331474304, -0.6795573234558105, -0.43682774901390076, -0.3906232416629791, -1.4616423845291138, -0.46721258759498596, 0.3819311261177063, 1.082551121711731, 0.16516749560832977, 0.5589322447776794, 0.9221445322036743, 0.7173435688018799, -1.6775407791137695], [-0.5864793062210083, -0.7034719586372375, -0.03064398281276226, -0.1847851574420929, 1.0617761611938477, -0.04234268143773079, 0.1707635521888733, -2.1546833515167236, -1.0905591249465942, 1.4461982250213623, 0.9668455719947815, -0.7845755219459534, 0.18995943665504456, 0.08934188634157181], [1.3269031047821045, -0.4599217474460602, -0.36106735467910767, -0.24436312913894653, 0.4173996150493622, 0.3219332695007324, 0.5050392150878906, -0.9564939141273499, -0.7633033394813538, -1.0584622621536255, 0.5328183174133301, -0.261037141084671, 1.1095713376998901, 1.011912226676941]]], "output_eg": -32.0, "fn": 6, "batch_size": 128, "batch_mult": 16}